date,cz_retence_orders,cz_retence_revenue_with_vat,cz_zbytek_orders,cz_zbytek_revenue_with_vat,cz_total_orders,cz_total_revenue_with_vat,sk_retence_orders,sk_retence_revenue_with_vat,sk_zbytek_orders,sk_zbytek_revenue_with_vat,sk_total_orders,sk_total_revenue_with_vat,total_orders,total_revenue_with_vat
2025-01-01,8,10648.0,247,317752.0,255,328400.0,0,0.0,35,50022.72,35,50022.72,290,378422.72
2025-01-02,13,15925.0,336,430334.79000000004,349,446259.79000000004,0,0.0,48,69306.69000000002,48,69306.69000000002,397,515566.48000000004
2025-01-03,15,23157.0,362,454716.0,377,477873.0,1,575.4,50,71373.78000000001,51,71949.18000000001,428,549822.18
2025-01-04,11,12830.0,254,343058.32,265,355888.32,2,3101.96,27,35347.38999999999,29,38449.34999999999,294,394337.67
2025-01-05,15,12976.0,360,504350.0,375,517326.0,4,4824.05,46,64837.16999999999,50,69661.21999999999,425,586987.22
2025-01-06,32,36944.0,493,611859.41,525,648803.41,9,10794.84,57,78053.55,66,88848.39,591,737651.8
2025-01-07,45,53407.58,632,858823.0,677,912230.58,8,9264.980000000001,70,108320.50000000001,78,117585.48000000001,755,1029816.0599999999
2025-01-08,22,26900.0,316,452835.21,338,479735.21,6,10713.02,49,107816.01000000001,55,118529.03000000001,393,598264.24
2025-01-09,25,38099.0,271,403340.59,296,441439.59,8,14637.170000000002,32,68165.48000000001,40,82802.65000000001,336,524242.24000000005
2025-01-10,34,44180.0,277,453702.32,311,497882.32,4,4333.21,23,42189.41,27,46522.62,338,544404.9400000001
2025-01-11,11,20979.0,189,292978.83,200,313957.83,3,4468.1900000000005,18,27065.470000000005,21,31533.660000000003,221,345491.49
2025-01-12,33,60029.66,265,401056.17,298,461085.82999999996,3,6370.27,30,39024.74,33,45395.009999999995,331,506480.83999999997
2025-01-13,40,51185.82,380,619131.56,420,670317.38,10,12732.36,44,83840.23999999998,54,96572.59999999998,474,766889.98
2025-01-14,63,87574.0,418,642496.0,481,730070.0,12,20297.06,51,94085.58999999997,63,114382.64999999997,544,844452.6499999999
2025-01-15,49,71851.65,409,670471.86,458,742323.51,17,30217.900000000005,46,94465.95999999998,63,124683.85999999999,521,867007.37
2025-01-16,56,77634.4,346,542932.73,402,620567.13,15,30389.679999999997,34,56386.19000000001,49,86775.87000000001,451,707343.0
2025-01-17,63,85885.92,209,347325.0,272,433210.92,18,26776.420000000002,26,43753.35999999999,44,70529.78,316,503740.69999999995
2025-01-18,38,58486.689999999995,188,291636.02,226,350122.71,10,18150.910000000003,21,43008.86000000001,31,61159.77000000001,257,411282.48000000004
2025-01-19,68,92987.33,270,420746.45,338,513733.78,10,21231.059999999998,18,32245.409999999996,28,53476.469999999994,366,567210.25
2025-01-20,93,131076.85,325,539019.23,418,670096.08,22,47014.86,37,65867.99,59,112882.85,477,782978.9299999999
2025-01-21,73,107057.56,321,497496.88,394,604554.44,11,24773.440000000002,24,44848.26,35,69621.70000000001,429,674176.1399999999
2025-01-22,64,98745.45,282,434367.0,346,533112.45,20,43738.350000000006,33,64151.28999999999,53,107889.64,399,641002.09
2025-01-23,72,113408.0,234,384951.99,306,498359.99,10,17527.789999999997,28,45819.04999999999,38,63346.83999999998,344,561706.83
2025-01-24,50,81788.51999999999,156,252553.65,206,334342.17,11,23003.61,12,24447.550000000003,23,47451.16,229,381793.32999999996
2025-01-25,42,63996.97,150,241668.63,192,305665.6,2,5040.860000000001,8,11423.4,10,16464.260000000002,202,322129.86
2025-01-26,73,114007.79000000001,217,341597.0,290,455604.79000000004,16,32610.81,17,26607.309999999998,33,59218.119999999995,323,514822.91000000003
2025-01-27,97,143416.81,263,399372.97,360,542789.78,23,36344.060000000005,33,65229.87000000001,56,101573.93000000002,416,644363.7100000001
2025-01-28,94,154994.09,267,434644.89,361,589638.98,17,34774.71,37,61800.639999999985,54,96575.34999999998,415,686214.33
2025-01-29,101,169892.66999999998,251,401128.39,352,571021.06,21,37867.12,27,47485.23999999999,48,85352.35999999999,400,656373.42
2025-01-30,79,127743.36,212,333696.63,291,461439.99,22,40431.869999999995,12,23959.43,34,64391.299999999996,325,525831.29
2025-01-31,101,161963.16,247,367580.0,348,529543.16,29,50923.99,39,64250.859999999986,68,115174.84999999998,416,644718.01
2025-02-01,164,243702.34,221,310577.7,385,554280.04,33,60649.869999999995,13,19556.670000000002,46,80206.54,431,634486.5800000001
2025-02-02,186,283158.19,318,434775.0,504,717933.19,24,41314.05,19,26820.05,43,68134.1,547,786067.2899999999
2025-02-03,181,230579.22999999998,351,477700.0,532,708279.23,44,68254.06999999999,43,67385.55,87,135639.62,619,843918.85
2025-02-04,179,244402.3,257,390883.0,436,635285.3,32,40545.049999999996,30,48152.030000000006,62,88697.08,498,723982.38
2025-02-05,193,276711.0,296,399913.83,489,676624.8300000001,48,82004.98999999996,34,57860.1,82,139865.08999999997,571,816489.92
2025-02-06,183,266619.0,278,387787.0,461,654406.0,45,75826.98,38,51759.810000000005,83,127586.79000000001,544,781992.79
2025-02-07,260,365411.81,395,535586.74,655,900998.55,49,71289.22000000002,58,88360.26,107,159649.48,762,1060648.03
2025-02-08,57,100519.82,111,184877.0,168,285396.82,3,4866.33,8,14249.94,11,19116.27,179,304513.09
2025-02-09,94,148110.0,135,205121.0,229,353231.0,10,22879.52,19,37043.579999999994,29,59923.09999999999,258,413154.1
2025-02-10,145,217860.02000000002,251,371378.0,396,589238.02,19,39471.97,19,30061.07,38,69533.04000000001,434,658771.06
2025-02-11,182,289066.3,241,358807.48,423,647873.78,26,42152.59000000001,19,41680.83,45,83833.42000000001,468,731707.2000000001
2025-02-12,182,301264.57999999996,328,469603.51,510,770868.09,31,62077.42,24,45835.409999999996,55,107912.82999999999,565,878780.9199999999
2025-02-13,196,287498.73,282,410583.0,478,698081.73,31,61495.219999999994,26,40869.530000000006,57,102364.75,535,800446.48
2025-02-14,186,293735.0,252,378778.0,438,672513.0,40,90252.80999999998,18,34049.33,58,124302.13999999998,496,796815.14
2025-02-15,83,130993.0,144,196673.0,227,327666.0,14,23062.219999999998,9,11137.079999999998,23,34199.299999999996,250,361865.3
2025-02-16,177,271557.0,253,379340.18,430,650897.1799999999,11,16243.380000000001,15,22398.229999999996,26,38641.61,456,689538.7899999999
2025-02-17,176,284562.0,228,346141.86,404,630703.86,39,81009.61000000004,31,55291.27,70,136300.88000000003,474,767004.74
2025-02-18,180,263206.0,201,308522.0,381,571728.0,23,36848.590000000004,21,36086.39,44,72934.98000000001,425,644662.98
2025-02-19,154,242193.0,213,306980.0,367,549173.0,18,40587.28999999999,13,19180.339999999997,31,59767.62999999999,398,608940.63
2025-02-20,130,211818.3,209,289874.53,339,501692.83,26,47430.74,17,38167.09,43,85597.82999999999,382,587290.66
2025-02-21,109,174905.62,158,211096.0,267,386001.62,14,24187.14,11,18277.700000000004,25,42464.840000000004,292,428466.46
2025-02-22,77,109291.0,107,148378.5,184,257669.5,13,29725.65,8,17096.93,21,46822.58,205,304492.08
2025-02-23,132,203074.66,170,240979.0,302,444053.66000000003,24,46423.1,14,22300.03,38,68723.13,340,512776.79000000004
2025-02-24,181,303888.86,205,277145.76,386,581034.62,28,53186.03,10,18415.43,38,71601.45999999999,424,652636.08
2025-02-25,200,325113.37,263,364448.0,463,689561.37,25,35067.850000000006,21,34207.469999999994,46,69275.32,509,758836.69
2025-02-26,244,380353.38000000006,250,334739.0,494,715092.3800000001,36,67253.26000000002,17,36244.560000000005,53,103497.82000000004,547,818590.2000000002
2025-02-27,262,434406.5,331,420989.0,593,855395.5,37,60074.45,23,41806.28,60,101880.73,653,957276.23
2025-02-28,166,272629.83999999997,281,338958.25,447,611588.09,33,57419.71,31,43884.24000000001,64,101303.95000000001,511,712892.04
2025-03-01,141,194708.99,131,158526.0,272,353234.99,16,32364.040000000005,17,26844.58,33,59208.62000000001,305,412443.61
2025-03-02,159,219429.61,140,182941.0,299,402370.61,32,49771.87,14,22051.88,46,71823.75,345,474194.36
2025-03-03,290,415287.33,174,235042.76,464,650330.0900000001,41,73950.78000000001,21,33352.58,62,107303.36000000002,526,757633.4500000001
2025-03-04,262,389163.9,214,280543.0,476,669706.9,41,68461.31999999998,28,42381.649999999994,69,110842.96999999997,545,780549.87
2025-03-05,367,467574.32000000007,278,350091.0,645,817665.3200000001,62,91621.72000000004,29,42933.909999999996,91,134555.63000000003,736,952220.9500000001
2025-03-06,164,269346.0,135,217493.0,299,486839.0,22,46840.31,9,17965.48,31,64805.78999999999,330,551644.79
2025-03-07,149,258465.36,97,145489.0,246,403954.36,18,41089.08,8,13906.33,26,54995.41,272,458949.77
2025-03-08,108,193595.0,76,106062.0,184,299657.0,15,29781.559999999994,7,9650.86,22,39432.42,206,339089.42
2025-03-09,439,762288.67,423,627705.0,862,1389993.67,53,117424.63000000002,28,48533.80000000001,81,165958.43000000002,943,1555952.0999999999
2025-03-10,153,216080.0,169,238288.0,322,454368.0,23,39223.80000000001,11,12932.799999999997,34,52156.600000000006,356,506524.6
2025-03-11,189,287109.37,142,197006.0,331,484115.37,16,27350.47,11,14442.189999999999,27,41792.66,358,525908.03
2025-03-12,182,282756.0,286,343214.0,468,625970.0,26,46188.579999999994,12,15822.04,38,62010.619999999995,506,687980.62
2025-03-13,156,237985.0,229,318305.0,385,556290.0,22,48421.98,13,20187.979999999996,35,68609.95999999999,420,624899.96
2025-03-14,153,270916.0,171,232503.0,324,503419.0,24,51247.16999999999,9,15074.859999999999,33,66322.02999999998,357,569741.03
2025-03-15,98,145116.0,112,137882.0,210,282998.0,17,31462.770000000004,6,16817.41,23,48280.18000000001,233,331278.18
2025-03-16,147,246727.0,159,211550.0,306,458277.0,25,47009.40000000001,7,10572.580000000002,32,57581.98000000001,338,515858.98
2025-03-17,184,290322.0,176,251446.96,360,541768.96,25,38154.840000000004,17,26131.479999999992,42,64286.31999999999,402,606055.2799999999
2025-03-18,190,296294.7,176,240803.07,366,537097.77,32,65231.229999999996,15,25301.1,47,90532.32999999999,413,627630.1
2025-03-19,196,317231.36,170,219104.0,366,536335.36,32,64676.259999999995,9,15576.63,41,80252.89,407,616588.25
2025-03-20,131,199167.23,141,193005.0,272,392172.23,14,28221.729999999996,8,16213.380000000001,22,44435.11,294,436607.33999999997
2025-03-21,127,186846.84,117,155893.0,244,342739.83999999997,20,45054.13,8,10059.910000000002,28,55114.04,272,397853.87999999995
2025-03-22,202,252476.0,185,216474.0,387,468950.0,32,48746.469999999994,16,22504.579999999994,48,71251.04999999999,435,540201.05
2025-03-23,448,598942.0,369,433102.0,817,1032044.0,67,106471.64,37,50791.74,104,157263.38,921,1189307.38
2025-03-24,134,211934.0,142,187824.7,276,399758.7,12,23324.030000000002,18,25118.390000000003,30,48442.420000000006,306,448201.12
2025-03-25,196,277079.62,205,252163.0,401,529242.62,20,43593.80999999999,17,24927.509999999995,37,68521.31999999998,438,597763.94
2025-03-26,211,338315.94,185,228606.91,396,566922.85,18,30571.02,20,31282.79,38,61853.81,434,628776.6599999999
2025-03-27,250,398433.3,185,242973.0,435,641406.3,23,44593.24999999999,13,23029.520000000004,36,67622.76999999999,471,709029.0700000001
2025-03-28,131,198922.0,167,193314.0,298,392236.0,13,22199.14,9,11029.35,22,33228.49,320,425464.49
2025-03-29,90,130442.0,109,134193.0,199,264635.0,10,19589.399999999998,9,10835.740000000002,19,30425.14,218,295060.14
2025-03-30,146,231825.0,245,283499.0,391,515324.0,19,38880.21000000001,19,25433.369999999995,38,64313.58,429,579637.58
2025-03-31,259,402182.88,437,502140.0,696,904322.88,36,77343.17000000001,30,36646.770000000004,66,113989.94000000002,762,1018312.8200000001
2025-04-01,357,485105.88,118,159376.0,475,644481.88,48,80705.54999999999,16,21865.09,64,102570.63999999998,539,747052.52
2025-04-02,277,383184.18,94,113612.0,371,496796.18,35,54321.83999999999,9,11222.970000000001,44,65544.81,415,562340.99
2025-04-03,236,340565.0,80,96664.0,316,437229.0,25,40212.33,7,11775.19,32,51987.520000000004,348,489216.52
2025-04-04,192,275353.11,59,76212.0,251,351565.11,19,26146.460000000003,7,8493.24,26,34639.700000000004,277,386204.81
2025-04-05,131,172803.97,45,61309.0,176,234112.97,17,24071.23,3,4252.76,20,28323.989999999998,196,262436.96
2025-04-06,296,414772.06,122,161879.0,418,576651.06,45,58715.03999999999,10,13380.03,55,72095.06999999999,473,648746.13
2025-04-07,445,604780.68,149,183675.0,594,788455.68,68,107502.41999999997,14,18900.83,82,126403.24999999997,676,914858.93
2025-04-08,464,731979.38,127,172199.0,591,904178.38,51,94903.67999999996,8,10381.68,59,105285.35999999996,650,1009463.74
2025-04-09,340,538637.24,93,139812.0,433,678449.24,39,79239.81,8,11633.390000000001,47,90873.2,480,769322.44
2025-04-10,511,874597.5399999999,158,224849.0,669,1099446.54,61,120920.64000000004,6,10578.03,67,131498.67000000004,736,1230945.21
2025-04-11,298,490383.20999999996,86,127024.0,384,617407.21,22,47074.83,7,12422.850000000002,29,59497.68000000001,413,676904.89
2025-04-12,167,269697.0,59,85342.0,226,355039.0,20,47561.619999999995,1,1422.13,21,48983.74999999999,247,404022.75
2025-04-13,237,429225.9,90,133141.0,327,562366.9,26,48567.88,5,7191.099999999999,31,55758.979999999996,358,618125.88
2025-04-14,359,608876.0,171,239228.0,530,848104.0,57,109810.83,8,13245.03,65,123055.86,595,971159.86
2025-04-15,355,610467.71,129,173172.0,484,783639.71,44,89636.52,12,22197.780000000002,56,111834.3,540,895474.01
2025-04-16,199,360595.62,87,136994.0,286,497589.62,23,52076.12999999999,4,4972.68,27,57048.80999999999,313,554638.4299999999
2025-04-17,197,324606.0,63,97305.0,260,421911.0,31,71271.5,3,5957.13,34,77228.63,294,499139.63
2025-04-18,128,220048.14,56,79155.0,184,299203.14,17,31038.71,4,7206.09,21,38244.8,205,337447.94
2025-04-19,100,163987.0,38,56803.0,138,220790.0,8,12718.730000000001,2,1754.83,10,14473.560000000001,148,235263.56
2025-04-20,90,143348.0,35,40914.0,125,184262.0,9,16496.969999999998,3,8602.32,12,25099.289999999997,137,209361.29
2025-04-21,304,566208.36,75,119785.8,379,685994.16,36,77527.24000000002,2,2202.05,38,79729.29000000002,417,765723.4500000001
2025-04-22,249,382194.0,92,129668.0,341,511862.0,30,63254.12000000001,6,10043.53,36,73297.65000000001,377,585159.65
2025-04-23,270,478755.0,91,119739.0,361,598494.0,41,83976.60999999997,12,23745.350000000006,53,107721.95999999998,414,706215.96
2025-04-24,577,947408.3300000001,172,233775.0,749,1181183.33,95,208250.02999999997,12,24433.91,107,232683.93999999997,856,1413867.27
2025-04-25,401,702978.0,117,168796.0,518,871774.0,61,147328.94000000006,9,20106.159999999996,70,167435.10000000006,588,1039209.1000000001
2025-04-26,253,431460.78,65,86421.0,318,517881.78,34,71278.33,10,15085.76,44,86364.09,362,604245.87
2025-04-27,968,1599850.41,227,308884.0,1195,1908734.41,111,239650.1299999999,22,41584.030000000006,133,281234.1599999999,1328,2189968.57
2025-04-28,180,293829.0,83,104670.0,263,398499.0,14,27084.57,4,4101.4,18,31185.97,281,429684.97
2025-04-29,254,386189.0,95,118570.0,349,504759.0,37,59441.770000000004,9,16670.149999999998,46,76111.92,395,580870.92
2025-04-30,204,310453.0,124,146295.0,328,456748.0,36,74961.13999999998,24,29058.890000000003,60,104020.02999999998,388,560768.03
2025-05-01,195,276751.0,74,108966.0,269,385717.0,19,31687.73,5,8255.99,24,39943.72,293,425660.72
2025-05-02,270,404594.0,64,78878.0,334,483472.0,36,53663.270000000004,9,10557.58,45,64220.850000000006,379,547692.85
2025-05-03,212,307268.0,51,58168.0,263,365436.0,23,35245.1,2,2875.62,25,38120.72,288,403556.72
2025-05-04,348,518760.05,73,93294.0,421,612054.05,41,59979.009999999995,3,5004.04,44,64983.049999999996,465,677037.1000000001
2025-05-05,473,690101.0,78,94614.0,551,784715.0,64,116906.51000000001,14,21322.420000000002,78,138228.93000000002,629,922943.93
2025-05-06,666,948204.0,125,167189.0,791,1115393.0,76,124592.48999999998,12,14776.25,88,139368.74,879,1254761.74
2025-05-07,627,915591.47,122,149321.0,749,1064912.47,69,109656.76000000002,15,18298.170000000002,84,127954.93000000002,833,1192867.4
2025-05-08,160,304275.72,43,65308.0,203,369583.72,16,31660.449999999997,3,10558.939999999999,19,42219.39,222,411803.11
2025-05-09,145,280078.0,45,58369.0,190,338447.0,16,37541.24,2,1373.05,18,38914.29,208,377361.29
2025-05-10,101,199568.0,40,73198.0,141,272766.0,14,28438.52,2,2942.44,16,31380.96,157,304146.96
2025-05-11,221,420278.82,73,100444.0,294,520722.82,32,72227.32,7,8845.04,39,81072.36000000002,333,601795.18
2025-05-12,278,446069.35,59,84064.0,337,530133.35,28,61424.29999999999,4,4170.9400000000005,32,65595.23999999999,369,595728.59
2025-05-13,312,530962.0,74,92950.0,386,623912.0,36,83292.13,5,8482.33,41,91774.46,427,715686.46
2025-05-14,478,777871.0,82,110991.0,560,888862.0,55,113501.81000000001,2,5369.46,57,118871.27000000002,617,1007733.27
2025-05-15,369,637551.06,80,117882.0,449,755433.06,33,72996.33,6,14005.869999999999,39,87002.2,488,842435.26
2025-05-16,248,442085.41,48,64037.0,296,506122.41,36,62434.66999999999,5,4443.65,41,66878.31999999999,337,573000.73
2025-05-17,158,262859.92000000004,32,42741.0,190,305600.92000000004,19,39384.700000000004,4,3707.3599999999997,23,43092.060000000005,213,348692.98000000004
2025-05-18,274,471730.56999999995,60,85963.92000000001,334,557694.49,39,83410.78000000001,5,5995.31,44,89406.09000000001,378,647100.58
2025-05-19,337,572965.9099999999,72,92377.0,409,665342.9099999999,33,74819.35,4,5129.4800000000005,37,79948.83,446,745291.7399999999
2025-05-20,277,420744.66000000003,53,80192.0,330,500936.66000000003,29,58933.179999999986,8,10001.279999999999,37,68934.45999999999,367,569871.12
2025-05-21,218,358223.31,55,67139.0,273,425362.31,28,49594.560000000005,2,4142.3099999999995,30,53736.87,303,479099.18
2025-05-22,259,435747.25,53,73159.0,312,508906.25,30,61402.53,6,9854.01,36,71256.54,348,580162.79
2025-05-23,123,204750.0,44,52373.0,167,257123.0,16,38416.619999999995,3,3780.99,19,42197.60999999999,186,299320.61
2025-05-24,94,148688.0,31,40585.0,125,189273.0,12,18160.46,2,4709.530000000001,14,22869.989999999998,139,212142.99
2025-05-25,189,306719.0,49,58368.0,238,365087.0,26,54429.55999999999,3,8891.380000000001,29,63320.93999999999,267,428407.94
2025-05-26,243,421546.0,59,84433.0,302,505979.0,31,72011.87999999999,4,5126.76,35,77138.63999999998,337,583117.64
2025-05-27,237,362813.0,83,100862.34,320,463675.33999999997,32,61874.310000000005,10,15812.499999999998,42,77686.81,362,541362.1499999999
2025-05-28,235,393253.79,85,105796.0,320,499049.79,30,58136.92999999999,7,8615.96,37,66752.88999999998,357,565802.6799999999
2025-05-29,240,413819.93999999994,82,108793.7,322,522613.63999999996,22,50090.899999999994,7,15293.019999999999,29,65383.91999999999,351,587997.5599999999
2025-05-30,187,327975.61,76,87211.0,263,415186.61,35,72071.88,5,6634.799999999999,40,78706.68000000001,303,493893.29
2025-05-31,209,360133.75,106,135102.0,315,495235.75,22,41751.75,9,9740.84,31,51492.59,346,546728.34
2025-06-01,284,434220.1,54,63689.0,338,497909.1,23,51879.81,3,2256.6000000000004,26,54136.409999999996,364,552045.51
2025-06-02,351,540765.8400000001,55,70775.0,406,611540.8400000001,50,88056.22000000002,6,8988.179999999998,56,97044.40000000001,462,708585.2400000001
2025-06-03,325,481699.51,46,67881.48,371,549580.99,44,85194.18000000001,6,8630.95,50,93825.13,421,643406.12
2025-06-04,402,581719.73,52,65629.3,454,647349.03,55,84448.34,9,16991.93,64,101440.26999999999,518,748789.3
2025-06-05,388,597057.1900000002,44,57768.0,432,654825.1900000002,56,91163.59,5,7522.43,61,98686.01999999999,493,753511.2100000002
2025-06-06,403,599370.14,55,77660.94,458,677031.0800000001,53,95430.02000000002,6,7612.41,59,103042.43000000002,517,780073.5100000001
2025-06-07,399,600457.19,39,49522.0,438,649979.19,48,68719.04,4,4550.01,52,73269.04999999999,490,723248.24
2025-06-08,222,381271.45,38,54155.0,260,435426.45,12,25786.510000000002,5,7909.66,17,33696.17,277,469122.62
2025-06-09,268,461598.0,45,51918.0,313,513516.0,24,47685.689999999995,0,0.0,24,47685.689999999995,337,561201.69
2025-06-10,298,495618.77999999997,45,54755.0,343,550373.78,27,64571.25999999999,0,0.0,27,64571.25999999999,370,614945.04
2025-06-11,326,564933.95,36,42076.0,362,607009.95,32,72900.87,3,4539.1,35,77439.97,397,684449.9199999999
2025-06-12,242,415480.79000000004,43,48139.0,285,463619.79000000004,33,75142.50000000001,2,4840.42,35,79982.92000000001,320,543602.7100000001
2025-06-13,288,449560.26,34,49956.0,322,499516.26,28,51247.139999999985,3,6942.94,31,58190.07999999999,353,557706.34
2025-06-14,177,305029.14,24,32903.0,201,337932.14,10,18234.08,0,0.0,10,18234.08,211,356166.22000000003
2025-06-15,362,603613.98,46,63322.0,408,666935.98,40,84309.26,3,4574.55,43,88883.81,451,755819.79
2025-06-16,319,512910.95,52,71392.0,371,584302.95,33,70453.40999999999,4,5632.619999999999,37,76086.02999999998,408,660388.98
2025-06-17,313,508324.94,56,79094.0,369,587418.94,34,73500.83,1,2150.24,35,75651.07,404,663070.01
2025-06-18,265,429668.1,32,49963.26,297,479631.36,32,65498.46000000001,2,2384.76,34,67883.22,331,547514.58
2025-06-19,227,363822.55,30,31360.0,257,395182.55,31,76182.82999999999,4,7489.71,35,83672.54,292,478855.08999999997
2025-06-20,174,271032.53,29,43871.0,203,314903.53,18,36211.810000000005,1,2142.06,19,38353.87,222,353257.4
2025-06-21,125,187345.67,22,32445.0,147,219790.67,11,18843.58,2,3617.36,13,22460.940000000002,160,242251.61000000002
2025-06-22,223,332930.63,26,43165.0,249,376095.63,21,44306.92999999999,1,3401.93,22,47708.85999999999,271,423804.49
2025-06-23,323,568053.03,52,72972.0,375,641025.03,41,74665.26999999999,2,6805.23,43,81470.49999999999,418,722495.53
2025-06-24,294,478979.0,38,47559.0,332,526538.0,24,45656.799999999996,5,6115.3,29,51772.1,361,578310.1
2025-06-25,280,440242.12,45,54395.0,325,494637.12,26,47955.67,8,12028.81,34,59984.479999999996,359,554621.6
2025-06-26,193,310400.5,47,61152.0,240,371552.5,27,62138.76999999999,1,935.36,28,63074.12999999999,268,434626.63
2025-06-27,161,257048.52,34,46298.0,195,303346.52,15,30089.71,1,1378.5,16,31468.21,211,334814.73000000004
2025-06-28,97,143787.0,23,30129.0,120,173916.0,12,19371.24,3,2435.21,15,21806.45,135,195722.45
2025-06-29,216,353193.0,47,61155.91,263,414348.91000000003,29,55608.990000000005,3,7113.369999999999,32,62722.36,295,477071.27
2025-06-30,448,684086.83,97,121965.18,545,806052.01,57,111048.85999999999,10,19039.910000000003,67,130088.76999999999,612,936140.78
2025-07-01,437,663767.1699999999,34,44548.0,471,708315.1699999999,55,93083.43000000004,2,2185.69,57,95269.12000000004,528,803584.2899999999
2025-07-02,340,512941.63,32,43444.0,372,556385.63,43,86902.67,2,3261.49,45,90164.16,417,646549.79
2025-07-03,337,507069.09,39,49100.0,376,556169.0900000001,30,60986.64,3,3066.52,33,64053.159999999996,409,620222.2500000001
2025-07-04,255,353592.35,35,42561.0,290,396153.35,22,37208.56,3,3501.4700000000003,25,40710.03,315,436863.38
2025-07-05,169,244948.06,23,23893.0,192,268841.06,28,48847.39000000001,1,2867.44,29,51714.83000000001,221,320555.89
2025-07-06,381,582705.42,76,85779.0,457,668484.42,44,66090.19000000002,7,7169.280000000001,51,73259.47000000002,508,741743.89
2025-07-07,646,948396.2100000001,68,80674.0,714,1029070.2100000001,74,123452.67999999996,8,9169.52,82,132622.19999999995,796,1161692.4100000001
2025-07-08,285,431843.17,44,54118.19,329,485961.36,32,52622.920000000006,7,7583.780000000001,39,60206.700000000004,368,546168.0599999999
2025-07-09,293,482499.55,43,46573.0,336,529072.55,40,73042.69,2,1566.6599999999999,42,74609.35,378,603681.9
2025-07-10,244,397414.45,29,37125.0,273,434539.45,27,50862.65000000002,4,5334.01,31,56196.660000000025,304,490736.11000000004
2025-07-11,210,347958.24000000005,28,42395.0,238,390353.24000000005,32,70829.71999999999,1,530.4,33,71360.11999999998,271,461713.36000000004
2025-07-12,141,226392.99999999997,25,26873.0,166,253265.99999999997,15,32321.77,1,571.31,16,32893.08,182,286159.07999999996
2025-07-13,218,349626.81,22,23093.0,240,372719.81,24,53820.05999999999,5,4807.7,29,58627.75999999999,269,431347.57
2025-07-14,350,594767.44,47,68482.41,397,663249.85,46,85905.95999999998,3,4326.39,49,90232.34999999998,446,753482.2
2025-07-15,470,758229.98,44,53548.0,514,811777.98,44,103256.48000000001,5,6539.34,49,109795.82,563,921573.8
2025-07-16,473,785776.3099999999,41,58899.42,514,844675.73,41,80597.83999999998,3,2232.0499999999997,44,82829.88999999998,558,927505.62
2025-07-17,275,473386.12000000005,33,46899.44,308,520285.56000000006,33,64848.06,4,8303.71,37,73151.76999999999,345,593437.3300000001
2025-07-18,262,459775.8,39,47896.0,301,507671.8,20,43933.34,1,448.59,21,44381.92999999999,322,552053.73
2025-07-19,136,217902.43,22,26313.0,158,244215.43,10,20267.059999999998,1,1209.42,11,21476.479999999996,169,265691.91
2025-07-20,336,588530.3300000001,35,42786.0,371,631316.3300000001,39,79973.36999999998,3,2823.8100000000004,42,82797.17999999998,413,714113.51
2025-07-21,300,453478.42,36,50563.0,336,504041.42,47,92262.59,2,1319.87,49,93582.45999999999,385,597623.88
2025-07-22,416,635574.88,37,49187.0,453,684761.88,46,90998.59999999999,2,2095.7,48,93094.29999999999,501,777856.1799999999
2025-07-23,312,470885.45,35,38051.0,347,508936.45,29,58164.17,3,4213.21,32,62377.38,379,571313.83
2025-07-24,263,447541.24,24,28051.0,287,475592.24,30,51282.570000000014,2,4515.91,32,55798.48000000001,319,531390.72
2025-07-25,177,261270.0,28,33738.0,205,295008.0,18,31901.8,5,6158.93,23,38060.729999999996,228,333068.73
2025-07-26,152,239559.91,21,26938.0,173,266497.91000000003,15,27561.790000000005,2,1726.19,17,29287.980000000003,190,295785.89
2025-07-27,317,552753.47,31,49400.97,348,602154.44,39,81680.47000000002,4,6977.02,43,88657.49000000002,391,690811.9299999999
2025-07-28,267,422596.36,28,26078.26,295,448674.62,31,59414.52,4,4683.63,35,64098.149999999994,330,512772.77
2025-07-29,246,389299.36,24,22145.0,270,411444.36,37,74257.60000000002,5,8590.050000000001,42,82847.65000000002,312,494292.01
2025-07-30,267,407527.24000000005,28,27773.05,295,435300.29000000004,27,49980.43,3,3191.95,30,53172.38,325,488472.67000000004
2025-07-31,307,482340.19999999995,34,43015.0,341,525355.2,50,97872.02,7,13153.669999999998,57,111025.69,398,636380.8899999999
2025-08-01,243,360922.51,28,32393.0,271,393315.51,28,42407.569999999985,3,4687.72,31,47095.289999999986,302,440410.8
2025-08-02,150,209943.0,20,24099.0,170,234042.0,18,27398.17,1,614.94,19,28013.109999999997,189,262055.11
2025-08-03,336,462924.17,34,38674.4,370,501598.57,37,61476.07999999999,2,3535.56,39,65011.639999999985,409,566610.21
2025-08-04,401,575760.88,41,45574.26,442,621335.14,38,54646.35999999999,5,6247.5599999999995,43,60893.91999999999,485,682229.06
2025-08-05,369,514732.0,36,36999.0,405,551731.0,58,106121.21000000002,7,10346.23,65,116467.44000000002,470,668198.4400000001
2025-08-06,365,556335.86,41,41713.0,406,598048.86,55,90989.09,4,4487.28,59,95476.37,465,693525.23
2025-08-07,499,684099.29,45,59525.0,544,743624.29,63,107622.41000000002,7,10850.73,70,118473.14000000001,614,862097.43
2025-08-08,155,240206.37,30,34076.0,185,274282.37,21,40108.71,2,3202.86,23,43311.57,208,317593.94
2025-08-09,93,140374.46,14,12322.0,107,152696.46,12,21153.350000000002,2,2478.84,14,23632.190000000002,121,176328.65
2025-08-10,177,285612.06,28,33437.0,205,319049.06,23,53030.62,1,755.38,24,53786.0,229,372835.06
2025-08-11,309,463295.0,46,56420.0,355,519715.0,33,64364.02000000001,6,7913.74,39,72277.76000000001,394,591992.76
2025-08-12,318,479810.0,39,44364.0,357,524174.0,29,50529.950000000004,3,5222.2,32,55752.15,389,579926.15
2025-08-13,307,445200.46,46,52494.32000000001,353,497694.78,47,83946.57,5,6377.1,52,90323.67000000001,405,588018.4500000001
2025-08-14,257,372142.38,41,48289.0,298,420431.38,26,50325.44,10,15811.150000000001,36,66136.59,334,486567.97
2025-08-15,198,295752.0,60,56663.0,258,352415.0,23,39080.619999999995,4,6502.530000000001,27,45583.149999999994,285,397998.15
2025-08-16,140,230772.52000000002,29,35875.36,169,266647.88,14,24847.06,2,1776.6399999999999,16,26623.7,185,293271.58
2025-08-17,201,301050.62,60,74811.26,261,375861.88,32,60231.23000000002,11,12827.81,43,73059.04000000002,304,448920.92000000004
2025-08-18,320,516445.38000000006,35,50078.0,355,566523.3800000001,40,86419.98,1,2193.87,41,88613.84999999999,396,655137.2300000001
2025-08-19,275,425094.99,37,44570.0,312,469664.99,36,62181.079999999994,3,3586.01,39,65767.09,351,535432.08
2025-08-20,289,477246.36,32,44266.79,321,521513.14999999997,43,90708.20000000001,2,1595.29,45,92303.49,366,613816.64
2025-08-21,406,655984.61,25,38669.0,431,694653.61,58,127207.73999999998,4,6951.120000000001,62,134158.86,493,828812.47
2025-08-22,322,527903.8,26,26536.0,348,554439.8,41,88367.06999999999,2,3594.18,43,91961.24999999999,391,646401.05
2025-08-23,184,322894.94,18,19350.0,202,342244.94,24,49939.55,0,0.0,24,49939.55,226,392184.49
2025-08-24,279,467664.94,31,32267.0,310,499931.94,38,88247.04999999999,2,1403.04,40,89650.08999999998,350,589582.03
2025-08-25,395,655518.15,27,31722.0,422,687240.15,51,111940.63000000002,3,3723.7200000000003,54,115664.35000000002,476,802904.5
2025-08-26,360,615806.2899999999,34,37223.0,394,653029.2899999999,47,103748.70999999996,2,3633.7299999999996,49,107382.43999999996,443,760411.7299999999
2025-08-27,337,563041.94,23,42164.0,360,605205.94,38,89584.67,1,2049.34,39,91634.01,399,696839.95
2025-08-28,340,554198.8600000001,30,31354.0,370,585552.8600000001,35,72774.06999999996,0,0.0,35,72774.06999999996,405,658326.93
2025-08-29,334,559168.44,25,33440.24,359,592608.6799999999,32,70434.29,2,1814.8200000000002,34,72249.11,393,664857.7899999999
2025-08-30,235,431900.48,21,32922.0,256,464822.48,24,41690.39,2,4195.49,26,45885.88,282,510708.36
2025-08-31,990,1721098.8499999996,42,58479.0,1032,1779577.8499999996,154,352857.39,3,3832.8,157,356690.19,1189,2136268.0399999996
2025-09-01,327,479762.0,21,21406.0,348,501168.0,27,49177.32999999999,5,8944.55,32,58121.87999999999,380,559289.88
2025-09-02,318,454308.0,27,30920.0,345,485228.0,31,49107.83,4,4412.29,35,53520.12,380,538748.12
2025-09-03,368,586536.4800000002,32,48951.93,400,635488.4100000003,34,52952.86,4,6683.88,38,59636.74,438,695125.1500000003
2025-09-04,348,581562.0500000002,23,26887.0,371,608449.0500000002,37,67824.56999999999,4,8220.550000000001,41,76045.12,412,684494.1700000002
2025-09-05,276,422954.41000000003,22,27933.0,298,450887.41000000003,29,61946.520000000004,2,4398.65,31,66345.17,329,517232.58
2025-09-06,181,257302.0,27,28974.0,208,286276.0,23,40738.67,2,3108.7799999999997,25,43847.45,233,330123.45
2025-09-07,731,1021295.97,23,30568.0,754,1051863.97,98,157800.51999999996,1,1141.25,99,158941.76999999996,853,1210805.74
2025-09-08,229,404589.7,36,39362.0,265,443951.7,18,43071.58,2,2151.6,20,45223.18,285,489174.88
2025-09-09,239,410295.46,15,15886.0,254,426181.46,22,57965.12999999999,0,0.0,22,57965.12999999999,276,484146.59
2025-09-10,278,437903.09,17,19589.0,295,457492.09,25,47457.970000000016,2,5265.84,27,52723.81000000001,322,510215.9
2025-09-11,259,436265.8400000001,19,23390.0,278,459655.8400000001,35,69402.14,1,640.85,36,70042.99,314,529698.8300000001
2025-09-12,210,352765.0,20,51678.0,230,404443.0,20,39518.320000000014,1,1966.17,21,41484.49000000001,251,445927.49
2025-09-13,146,245538.73,15,16054.0,161,261592.73,13,32282.21,0,0.0,13,32282.21,174,293874.94
2025-09-14,282,477806.21,21,24600.0,303,502406.21,14,29782.940000000002,1,2117.52,15,31900.460000000003,318,534306.67
2025-09-15,394,652059.63,31,41789.0,425,693848.63,34,59001.36,3,4496.83,37,63498.19,462,757346.8200000001
2025-09-16,313,546908.26,27,31127.0,340,578035.26,50,116384.26,0,0.0,50,116384.26,390,694419.52
2025-09-17,282,445407.03,33,38435.0,315,483842.03,38,79264.33999999998,5,6221.650000000001,43,85485.98999999998,358,569328.02
2025-09-18,234,378252.0,16,22880.0,250,401132.0,19,30726.48,1,1437.13,20,32163.61,270,433295.61
2025-09-19,163,266124.53,18,24759.0,181,290883.53,11,17803.22,1,2045.25,12,19848.47,193,310732.0
2025-09-20,95,154035.9,17,19033.0,112,173068.9,11,23716.71,1,640.85,12,24357.559999999998,124,197426.46
2025-09-21,190,314902.93,20,20950.0,210,335852.93,23,51416.229999999996,1,1280.33,24,52696.56,234,388549.49
2025-09-22,282,496456.0,24,33240.0,306,529696.0,39,63485.9,1,1044.44,40,64530.340000000004,346,594226.34
2025-09-23,301,493254.1,25,33417.0,326,526671.1,42,91276.76000000002,5,8596.869999999999,47,99873.63000000002,373,626544.73
2025-09-24,327,511927.56,25,45528.0,352,557455.56,38,76425.56999999999,0,0.0,38,76425.56999999999,390,633881.13
2025-09-25,262,426522.28,18,24270.0,280,450792.28,26,45328.20999999999,2,2169.33,28,47497.53999999999,308,498289.82
2025-09-26,243,362682.33,18,24930.0,261,387612.33,14,27394.069999999996,4,3011.9700000000003,18,30406.039999999997,279,418018.37
2025-09-27,123,199317.0,13,17762.0,136,217079.0,7,12773.259999999998,0,0.0,7,12773.259999999998,143,229852.26
2025-09-28,372,597865.08,16,17762.0,388,615627.08,27,56581.14,1,1126.25,28,57707.39,416,673334.47
2025-09-29,470,761971.2200000001,23,34948.0,493,796919.2200000001,38,72585.92,3,3835.5299999999997,41,76421.45,534,873340.67
2025-09-30,502,817973.11,26,34278.7,528,852251.8099999999,48,81664.11999999998,3,3286.03,51,84950.14999999998,579,937201.96
2025-10-01,341,544580.5700000001,23,27696.0,364,572276.5700000001,56,97375.70000000001,1,1115.34,57,98491.04000000001,421,670767.6100000001
2025-10-02,302,462619.82,9,14511.0,311,477130.82,33,56675.21000000001,2,3029.6899999999996,35,59704.90000000001,346,536835.72
2025-10-03,238,368828.0,9,15837.0,247,384665.0,26,46883.950000000004,1,2387.49,27,49271.44,274,433936.44
2025-10-04,165,240806.40999999997,8,9031.0,173,249837.40999999997,24,35016.03,1,1205.33,25,36221.36,198,286058.76999999996
2025-10-05,332,559267.73,25,38011.65,357,597279.38,43,74456.62999999998,6,13475.47,49,87932.09999999998,406,685211.48
2025-10-06,761,1137738.65,20,27428.0,781,1165166.65,106,179949.35,5,7251.09,111,187200.44,892,1352367.0899999999
2025-10-07,744,1144150.07,38,54666.0,782,1198816.07,87,152373.81999999998,4,6138.469999999999,91,158512.28999999998,873,1357328.36
2025-10-08,258,415848.18,21,24218.0,279,440066.18,23,62539.65,1,1823.0,24,64362.65,303,504428.83
2025-10-09,236,409315.39,18,23488.0,254,432803.39,24,41243.14000000001,0,0.0,24,41243.14000000001,278,474046.53
2025-10-10,229,416998.0,26,41780.0,255,458778.0,28,56927.479999999996,1,2360.22,29,59287.7,284,518065.7
2025-10-11,139,262523.0,11,11734.0,150,274257.0,24,44032.87000000001,0,0.0,24,44032.87000000001,174,318289.87
2025-10-12,238,451394.65,17,18809.0,255,470203.65,21,41344.05999999999,2,2114.79,23,43458.84999999999,278,513662.5
2025-10-13,376,630878.4299999999,32,47524.0,408,678402.4299999999,43,84601.10000000002,3,5714.42,46,90315.52000000002,454,768717.95
2025-10-14,402,674853.95,21,39105.0,423,713958.95,43,85106.96999999999,0,0.0,43,85106.96999999999,466,799065.9199999999
2025-10-15,393,680455.0900000001,30,44217.0,423,724672.0900000001,54,118785.39000000003,1,1036.26,55,119821.65000000002,478,844493.7400000001
2025-10-16,254,440366.3,30,45757.0,284,486123.3,18,28036.29,4,4714.98,22,32751.27,306,518874.57
2025-10-17,197,324280.29,12,15730.0,209,340010.29,13,22520.94,2,2158.42,15,24679.36,224,364689.64999999997
2025-10-18,100,176928.0,16,20012.72,116,196940.72,9,16402.91,0,0.0,9,16402.91,125,213343.63
2025-10-19,207,335825.68,21,34038.0,228,369863.68,29,66095.68,2,4449.1,31,70544.78,259,440408.45999999996
2025-10-20,485,775095.3499999999,23,26022.87,508,801118.2199999999,56,111871.06999999998,3,7251.09,59,119122.15999999997,567,920240.3799999999
2025-10-21,344,600548.99,23,33140.0,367,633688.99,26,51900.29,1,2657.46,27,54557.75,394,688246.74
2025-10-22,314,514723.25,19,23163.0,333,537886.25,24,50475.380000000005,2,3134.69,26,53610.07000000001,359,591496.3200000001
2025-10-23,318,550771.36,20,30462.0,338,581233.36,15,30554.66,4,6618.42,19,37173.08,357,618406.44
2025-10-24,209,352752.98,23,33518.3,232,386271.27999999997,11,19421.7,1,1383.95,12,20805.65,244,407076.93
2025-10-25,111,190161.0,14,20623.0,125,210784.0,11,22819.54,1,1134.43,12,23953.97,137,234737.97
2025-10-26,198,342526.19,11,14695.0,209,357221.19,20,46725.77,1,372.24,21,47098.009999999995,230,404319.2
2025-10-27,229,389403.49,20,38039.0,249,427442.49,29,60343.07999999999,5,6483.449999999999,34,66826.52999999998,283,494269.01999999996
2025-10-28,202,309086.49,12,13217.0,214,322303.49,20,38467.05,3,3476.92,23,41943.97,237,364247.45999999996
2025-10-29,255,421925.35,17,23633.0,272,445558.35,16,34339.740000000005,2,2665.64,18,37005.380000000005,290,482563.73
2025-10-30,274,480382.86,19,34493.0,293,514875.86,20,39257.899999999994,1,1644.38,21,40902.27999999999,314,555778.14
2025-10-31,383,613612.06,19,30456.0,402,644068.06,35,86475.90000000001,2,1892.53,37,88368.43000000001,439,732436.4900000001
2025-11-01,207,320341.94,11,18560.0,218,338901.94,16,23829.890000000003,1,1413.95,17,25243.840000000004,235,364145.78
2025-11-02,335,501432.22,13,13449.0,348,514881.22,33,50534.02,5,7657.42,38,58191.439999999995,386,573072.6599999999
2025-11-03,442,695130.0,14,17330.0,456,712460.0,45,81264.56,1,593.12,46,81857.68,502,794317.6799999999
2025-11-04,412,659180.0,14,18479.0,426,677659.0,44,84352.93999999996,1,3598.28,45,87951.21999999996,471,765610.22
2025-11-05,410,658773.0,21,33884.0,431,692657.0,50,94063.77000000002,1,1670.29,51,95734.06000000001,482,788391.06
2025-11-06,406,655110.4400000001,12,16221.0,418,671331.4400000001,56,108485.49999999999,1,998.08,57,109483.57999999999,475,780815.02
2025-11-07,506,784080.0,23,32337.94,529,816417.94,60,92112.64,6,6717.9800000000005,66,98830.62,595,915248.5599999999
2025-11-08,118,198861.0,11,10642.0,129,209503.0,8,19211.71,1,770.38,9,19982.09,138,229485.09
2025-11-09,205,370226.0,11,10988.0,216,381214.0,18,47618.88,1,2118.88,19,49737.759999999995,235,430951.76
2025-11-10,285,548149.4,21,26470.0,306,574619.4,32,62024.21000000001,1,628.57,33,62652.780000000006,339,637272.18
2025-11-11,312,566891.49,20,28064.0,332,594955.49,34,82476.74999999999,4,4256.85,38,86733.59999999999,370,681689.09
2025-11-12,325,569563.2,20,49374.0,345,618937.2,31,55469.94000000001,2,2679.2799999999997,33,58149.22000000001,378,677086.4199999999
2025-11-13,379,628218.9299999999,15,20874.0,394,649092.9299999999,33,68273.16,4,7143.37,37,75416.53,431,724509.46
2025-11-14,290,519708.24,14,21557.0,304,541265.24,32,75235.18000000001,2,3566.92,34,78802.1,338,620067.34
2025-11-15,186,318774.94,9,11140.0,195,329914.94,15,25977.390000000003,1,3318.76,16,29296.15,211,359211.09
2025-11-16,266,483580.0,18,20420.84,284,504000.84,37,83038.52000000002,0,0.0,37,83038.52000000002,321,587039.3600000001
2025-11-17,371,701161.0,24,34859.0,395,736020.0,27,48458.77000000001,0,0.0,27,48458.77000000001,422,784478.77
2025-11-18,297,543114.0,20,29606.0,317,572720.0,26,37489.42,3,5530.35,29,43019.77,346,615739.77
2025-11-19,258,453956.33999999997,15,19563.0,273,473519.33999999997,18,29960.18,1,797.65,19,30757.83,292,504277.17
2025-11-20,1909,4350617.509999999,68,129220.97,1977,4479838.479999999,260,647995.1599999998,4,4811.79,264,652806.9499999998,2241,5132645.429999999
2025-11-21,1146,2402462.38,74,100852.6,1220,2503314.98,115,285008.3499999999,8,14093.14,123,299101.48999999993,1343,2802416.4699999997
2025-11-22,1013,2069594.06,52,62031.47,1065,2131625.5300000003,91,217966.43000000002,4,5111.77,95,223078.2,1160,2354703.7300000004
2025-11-23,2469,4617525.11,104,138343.32,2573,4755868.430000001,274,608596.8200000002,11,14209.019999999999,285,622805.8400000002,2858,5378674.2700000005
2025-11-24,264,402173.9,23,24747.0,287,426920.9,24,65600.72,1,730.84,25,66331.56,312,493252.46
2025-11-25,148,231357.61,26,28501.0,174,259858.61,13,27079.12,3,4400.02,16,31479.14,190,291337.75
2025-11-26,151,223124.61,15,138329.0,166,361453.61,15,32670.829999999998,3,4605.9,18,37276.729999999996,184,398730.33999999997
2025-11-27,138,212906.0,15,17101.0,153,230007.0,23,45245.04,0,0.0,23,45245.04,176,275252.04
2025-11-28,143,222983.0,20,26294.0,163,249277.0,20,42305.32,4,5392.639999999999,24,47697.96,187,296974.96
2025-11-29,112,153527.52,15,20572.0,127,174099.52,10,18463.160000000003,2,797.6500000000001,12,19260.810000000005,139,193360.33
2025-11-30,234,351729.88,24,28208.0,258,379937.88,31,65675.7,0,0.0,31,65675.7,289,445613.58
2025-12-01,337,518138.0,27,37770.0,364,555908.0,40,73079.5,2,5674.88,42,78754.38,406,634662.38
2025-12-02,299,449315.0,25,22940.0,324,472255.0,30,60291.25000000003,1,1986.62,31,62277.87000000003,355,534532.87
2025-12-03,324,505622.36,20,26286.0,344,531908.36,26,52535.67,2,1524.4,28,54060.07,372,585968.4299999999
2025-12-04,293,440041.0,28,29645.86,321,469686.86,28,48623.79000000001,0,0.0,28,48623.79000000001,349,518310.65
2025-12-05,274,457627.0,14,16563.0,288,474190.0,26,49334.18,3,7204.73,29,56538.91,317,530728.91
2025-12-06,197,291990.32,12,15645.86,209,307636.18,21,38034.84,3,3866.88,24,41901.719999999994,233,349537.89999999997
2025-12-07,551,799021.49,37,45809.0,588,844830.49,83,136854.46000000002,6,7623.34,89,144477.80000000002,677,989308.29
2025-12-08,265,488211.22000000003,29,34050.0,294,522261.22000000003,28,73913.95000000001,2,3776.9,30,77690.85,324,599952.0700000001
2025-12-09,332,543817.6699999999,12,10808.0,344,554625.6699999999,36,59807.200000000004,2,3468.75,38,63275.950000000004,382,617901.6199999999
2025-12-10,356,554287.44,18,28740.0,374,583027.44,44,84343.36000000002,2,1454.85,46,85798.21000000002,420,668825.6499999999
2025-12-11,273,444350.0,20,25859.0,293,470209.0,27,43974.24,3,5407.639999999999,30,49381.88,323,519590.88
2025-12-12,307,467718.22,18,19566.0,325,487284.22,22,35444.19000000001,1,1337.59,23,36781.780000000006,348,524066.0
2025-12-13,176,304105.36,17,21234.0,193,325339.36,20,31964.529999999995,0,0.0,20,31964.529999999995,213,357303.88999999996
2025-12-14,326,532577.0,21,20953.0,347,553530.0,38,69212.64,4,4271.84,42,73484.48,389,627014.48
2025-12-15,374,545117.9,22,30403.0,396,575520.9,49,82929.42,1,999.45,50,83928.87,446,659449.77
2025-12-16,375,544601.8600000001,24,42463.0,399,587064.8600000001,31,58927.74,1,973.54,32,59901.28,431,646966.1400000001
2025-12-17,295,443485.61,24,33017.0,319,476502.61,24,50322.7,0,0.0,24,50322.7,343,526825.3099999999
2025-12-18,217,303131.33999999997,20,19664.0,237,322795.33999999997,29,62167.40000000001,3,5118.57,32,67285.97,269,390081.30999999994
2025-12-19,154,214709.66999999998,16,19995.41,170,234705.08,20,31631.840000000004,3,2227.96,23,33859.8,193,268564.88
2025-12-20,62,90615.0,9,11426.0,71,102041.0,5,9414.96,1,1123.52,6,10538.48,77,112579.48
2025-12-21,77,95406.0,8,11159.0,85,106565.0,5,10613.48,0,0.0,5,10613.48,90,117178.48
2025-12-22,73,94878.0,5,3582.0,78,98460.0,7,9301.81,2,2019.35,9,11321.16,87,109781.16
2025-12-23,50,54358.78,7,9494.0,57,63852.78,6,14638.54,1,1363.5,7,16002.04,64,79854.82
2025-12-24,34,44314.0,2,3783.0,36,48097.0,1,1701.65,1,2774.72,2,4476.37,38,52573.37
2025-12-25,36,47378.0,9,8324.0,45,55702.0,5,6482.070000000001,1,1716.65,6,8198.720000000001,51,63900.72
2025-12-26,76,97803.0,14,16385.0,90,114188.0,11,15944.77,1,550.85,12,16495.62,102,130683.62
2025-12-27,82,116754.0,14,14493.0,96,131247.0,14,25571.07,0,0.0,14,25571.07,110,156818.07
2025-12-28,113,162347.0,8,9335.0,121,171682.0,16,34084.770000000004,2,2727.0,18,36811.770000000004,139,208493.77000000002
2025-12-29,298,430830.0,18,18396.0,316,449226.0,27,43370.19000000001,0,0.0,27,43370.19000000001,343,492596.19
2025-12-30,352,529406.75,15,18010.0,367,547416.75,36,80119.26999999999,2,1368.96,38,81488.23,405,628904.98
2025-12-31,259,422815.49,13,11162.0,272,433977.49,27,52081.60000000001,2,1208.06,29,53289.66000000001,301,487267.15
2026-01-01,130,188560.0,10,13364.0,140,201924.0,13,25890.149999999998,0,0.0,13,25890.149999999998,153,227814.15
2026-01-02,188,251017.03999999998,21,20978.0,209,271995.04,11,16724.67,1,1030.81,12,17755.48,221,289750.51999999996
2026-01-03,154,232785.15,23,29869.0,177,262654.15,18,27788.129999999997,0,0.0,18,27788.129999999997,195,290442.28
2026-01-04,183,258957.0,15,16776.0,198,275733.0,21,25721.06,1,1085.35,22,26806.41,220,302539.41
2026-01-05,377,526912.34,22,29597.3,399,556509.64,44,71848.24,2,1768.46,46,73616.70000000001,445,630126.3400000001
2026-01-06,363,504387.08999999997,23,25898.23,386,530285.32,35,64193.58000000001,3,2402.4900000000002,38,66596.07,424,596881.3899999999
2026-01-07,475,669380.21,24,37193.0,499,706573.21,68,105729.84999999998,2,2581.1,70,108310.94999999998,569,814884.1599999999
2026-01-08,169,296180.48,17,21131.0,186,317311.48,15,51639.83,4,3556.0000000000005,19,55195.83,205,372507.31
2026-01-09,179,292812.0,23,28037.0,202,320849.0,22,45911.77,3,3786.4500000000003,25,49698.219999999994,227,370547.22
2026-01-10,128,213149.0,10,11834.0,138,224983.0,17,30301.06,2,946.27,19,31247.33,157,256230.33000000002
2026-01-11,329,810187.87,42,103739.0,371,913926.87,34,94321.47,4,11507.949999999999,38,105829.42,409,1019756.29
2026-01-12,391,807038.61,61,139295.0,452,946333.61,37,91145.88999999997,4,15207.11,41,106352.99999999997,493,1052686.6099999999
2026-01-13,321,619214.16,32,60919.0,353,680133.16,25,51364.43,4,11292.510000000002,29,62656.94,382,742790.1000000001
2026-01-14,335,552905.95,36,66451.0,371,619356.95,26,66041.1,6,13262.769999999999,32,79303.87000000001,403,698660.82
2026-01-15,274,440934.0,23,28579.0,297,469513.0,24,49879.57,1,1674.38,25,51553.95,322,521066.95
2026-01-16,252,409066.0,18,20589.0,270,429655.0,25,47813.86,2,1878.9,27,49692.76,297,479347.76
2026-01-17,151,255208.0,12,15238.0,163,270446.0,20,49319.179999999986,3,6499.8,23,55818.97999999999,186,326264.98
2026-01-18,263,450503.77999999997,28,57741.59,291,508245.37,20,36269.1,0,0.0,20,36269.1,311,544514.47
2026-01-19,292,470712.49,22,32529.0,314,503241.49,23,44200.59,3,8977.28,26,53177.869999999995,340,556419.36
2026-01-20,278,416363.44,20,24498.0,298,440861.44,25,49894.56,1,1690.74,26,51585.299999999996,324,492446.74
2026-01-21,262,415775.0,17,26048.0,279,441823.0,35,72979.98000000001,2,1338.96,37,74318.94000000002,316,516141.94
2026-01-22,331,498983.47,14,20471.0,345,519454.47,41,83405.28,1,829.01,42,84234.29,387,603688.76
2026-01-23,253,407855.8,16,20387.0,269,428242.8,26,60778.020000000004,1,6877.49,27,67655.51000000001,296,495898.31
2026-01-24,149,246148.0,15,24051.0,164,270199.0,14,27897.210000000003,1,845.37,15,28742.58,179,298941.58
2026-01-25,226,377765.35,17,19898.0,243,397663.35,31,75899.22000000003,2,4368.65,33,80267.87000000002,276,477931.22
2026-01-26,358,569433.68,15,19463.0,373,588896.68,39,83877.09000000003,3,3756.4399999999996,42,87633.53000000003,415,676530.2100000001
2026-01-27,308,479182.0,19,30043.0,327,509225.0,28,62408.76000000001,3,5572.62,31,67981.38,358,577206.38
2026-01-28,240,414377.78,18,25439.0,258,439816.78,24,42400.74999999999,3,6637.51,27,49038.259999999995,285,488855.04000000004
2026-01-29,235,402359.0,22,33667.0,257,436026.0,26,57010.69000000001,3,4972.68,29,61983.37000000001,286,498009.37
2026-01-30,240,400044.29,22,31463.0,262,431507.29,22,44008.34,0,0.0,22,44008.34,284,475515.63
2026-01-31,265,452596.05,21,30914.32,286,483510.37,36,134096.12,0,0.0,36,134096.12,322,617606.49
2026-02-01,313,422661.0,12,13285.0,325,435946.0,38,67108.74,1,700.84,39,67809.58,364,503755.58
2026-02-02,329,484783.86,21,19096.0,350,503879.86,31,51493.92999999999,1,4379.56,32,55873.48999999999,382,559753.35
2026-02-03,377,571895.61,22,29997.0,399,601892.61,37,63616.82,1,564.49,38,64181.31,437,666073.9199999999
2026-02-04,334,499134.82,17,16921.0,351,516055.82,27,50772.65000000001,3,6071.66,30,56844.31000000001,381,572900.13
2026-02-05,342,513023.0,16,24717.0,358,537740.0,50,89022.92000000001,1,1726.19,51,90749.11000000002,409,628489.11
2026-02-06,305,453656.0,15,17859.0,320,471515.0,37,68337.22999999998,0,0.0,37,68337.22999999998,357,539852.23
2026-02-07,409,594283.49,29,35710.03,438,629993.52,35,56875.64000000001,2,1525.76,37,58401.40000000001,475,688394.92
2026-02-08,211,361442.63,19,21235.0,230,382677.63,33,77579.08,2,3900.9700000000003,35,81480.05,265,464157.68
2026-02-09,296,488438.86,21,22582.0,317,511020.86,31,64963.970000000016,1,4697.26,32,69661.23000000001,349,580682.09
2026-02-10,364,586128.0,15,14144.91,379,600272.91,25,47305.26,4,5988.49,29,53293.75,408,653566.66
2026-02-11,343,575801.0,22,30996.0,365,606797.0,23,49612.280000000006,2,3862.79,25,53475.07000000001,390,660272.0700000001
2026-02-12,258,459893.0,18,20832.0,276,480725.0,24,38460.25,3,3106.0600000000004,27,41566.31,303,522291.31
2026-02-13,401,661082.0,19,27605.0,420,688687.0,44,102262.48999999998,2,1518.94,46,103781.42999999998,466,792468.4299999999
2026-02-14,215,352958.77,13,17855.0,228,370813.77,31,79237.10000000003,2,2357.49,33,81594.59000000004,261,452408.36000000004
2026-02-15,287,496906.0,17,24865.89,304,521771.89,31,73701.27,1,2911.07,32,76612.34000000001,336,598384.23
2026-02-16,361,609834.97,25,34777.0,386,644611.97,45,101159.44,2,4989.05,47,106148.49,433,750760.46
2026-02-17,338,553796.61,23,27690.0,361,581486.61,46,102052.51999999999,2,3986.87,48,106039.38999999998,409,687526.0
2026-02-18,413,685498.12,20,23367.0,433,708865.12,45,90893.63999999998,3,2508.84,48,93402.47999999998,481,802267.6
2026-02-19,336,551498.97,28,37568.0,364,589066.97,36,83875.72,2,695.3900000000001,38,84571.11,402,673638.08
2026-02-20,209,349106.0,22,31159.96,231,380265.96,20,48077.009999999995,1,782.65,21,48859.659999999996,252,429125.62
2026-02-21,156,232259.43999999997,9,11561.0,165,243820.43999999997,13,26333.28,2,4125.95,15,30459.23,180,274279.67
2026-02-22,351,572353.05,15,17481.0,366,589834.05,36,76124.19999999998,2,3243.76,38,79367.95999999998,404,669202.01
2026-02-23,299,479655.26,13,20274.0,312,499929.26,36,88012.55999999998,2,2133.88,38,90146.43999999999,350,590075.7
2026-02-24,303,461048.06999999995,17,18651.0,320,479699.06999999995,28,57819.23,1,1941.62,29,59760.850000000006,349,539459.9199999999
2026-02-25,300,491804.82999999996,17,21282.77,317,513087.6,35,68807.63,2,3512.37,37,72320.0,354,585407.6
2026-02-26,290,437439.31999999995,13,18543.29,303,455982.6099999999,26,45051.409999999996,3,4824.070000000001,29,49875.479999999996,332,505858.0899999999
2026-02-27,297,462181.0,20,21195.0,317,483376.0,28,52496.13,2,5430.83,30,57926.96,347,541302.96
2026-02-28,363,565436.0,10,13562.0,373,578998.0,30,62235.590000000004,3,21663.289999999997,33,83898.88,406,662896.88
2026-03-01,412,650314.26,18,17935.0,430,668249.26,42,80286.95000000001,1,1908.9,43,82195.85,473,750445.11
2026-03-02,370,590373.9600000001,21,22658.0,391,613031.9600000001,39,54163.65,2,2939.7000000000003,41,57103.35,432,670135.31
2026-03-03,393,582343.63,11,14039.0,404,596382.63,49,91944.86999999998,2,1918.44,51,93863.30999999998,455,690245.94
2026-03-04,374,564312.0,21,32098.760000000002,395,596410.76,43,74633.9,6,6048.49,49,80682.39,444,677093.15
2026-03-05,312,503622.0,15,18230.0,327,521852.0,41,61653.36999999999,3,2564.74,44,64218.109999999986,371,586070.11
2026-03-06,385,561612.6299999999,18,28927.0,403,590539.6299999999,55,105848.54999999999,3,6359.360000000001,58,112207.90999999999,461,702747.5399999999
2026-03-07,466,647747.51,19,21125.0,485,668872.51,50,79673.39999999998,0,0.0,50,79673.39999999998,535,748545.91
2026-03-08,259,440895.79,17,19521.0,276,460416.79,30,64384.469999999994,5,8695.03,35,73079.5,311,533496.29
2026-03-09,257,445581.64,31,49378.0,288,494959.64,34,61167.97999999998,3,4807.7,37,65975.67999999998,325,560935.32
2026-03-10,279,494262.95999999996,30,64718.0,309,558980.96,34,89557.42,8,10346.24,42,99903.66,351,658884.62
2026-03-11,310,599025.45,31,84032.0,341,683057.45,35,84667.86,6,18002.29,41,102670.15,382,785727.6
2026-03-12,506,816441.3799999999,34,78912.0,540,895353.3799999999,36,70704.25999999998,4,10301.24,40,81005.49999999999,580,976358.8799999999
2026-03-13,290,438697.01,15,29591.0,305,468288.01,24,57182.47000000001,4,8142.82,28,65325.29000000001,333,533613.3
2026-03-14,163,250773.28999999998,5,9365.0,168,260138.28999999998,14,23104.519999999997,1,2578.38,15,25682.899999999998,183,285821.19
2026-03-15,299,505017.67,15,15576.0,314,520593.67,30,53726.0,0,0.0,30,53726.0,344,574319.6699999999
2026-03-16,360,566730.85,18,30387.0,378,597117.85,42,85982.34000000001,2,2313.86,44,88296.20000000001,422,685414.05
2026-03-17,288,489520.14,20,27205.0,308,516725.14,31,67763.23,4,3437.38,35,71200.61,343,587925.75
2026-03-18,377,629183.01,19,30098.0,396,659281.01,39,92013.10999999999,2,1889.81,41,93902.91999999998,437,753183.9299999999
2026-03-19,278,481435.26999999996,21,39314.0,299,520749.26999999996,18,31796.83,6,15449.820000000002,24,47246.65,323,567995.9199999999
2026-03-20,203,327548.23,13,23219.0,216,350767.23,20,48105.630000000005,1,856.28,21,48961.91,237,399729.14
2026-03-21,228,380487.0,12,18687.0,240,399174.0,16,28776.659999999996,1,433.59,17,29210.249999999996,257,428384.25
2026-03-22,536,889433.89,20,24169.0,556,913602.89,48,110337.15999999997,0,0.0,48,110337.15999999997,604,1023940.05
2026-03-23,280,442030.17,22,29978.0,302,472008.17,31,55870.79999999999,4,6178.01,35,62048.80999999999,337,534056.98
2026-03-24,278,459424.0,16,21792.0,294,481216.0,22,42006.71,5,7721.49,27,49728.2,321,530944.2
2026-03-25,381,616775.3200000001,17,29629.0,398,646404.3200000001,30,66748.78000000001,4,4528.1900000000005,34,71276.97000000002,432,717681.29
2026-03-26,289,447411.55,23,38414.0,312,485825.55,27,59344.969999999994,3,5460.820000000001,30,64805.78999999999,342,550631.34
2026-03-27,175,273565.0,21,35502.0,196,309067.0,8,26074.21,1,659.93,9,26734.14,205,335801.14
2026-03-28,140,210524.55,14,20428.0,154,230952.55,11,23288.590000000004,0,0.0,11,23288.590000000004,165,254241.13999999998
2026-03-29,257,431159.0,15,21182.0,272,452341.0,29,56857.92,3,3288.76,32,60146.68,304,512487.68
2026-03-30,474,764267.03,17,27901.0,491,792168.03,45,99326.90000000002,0,0.0,45,99326.90000000002,536,891494.93
2026-03-31,537,808017.13,22,36446.0,559,844463.13,51,95840.38999999998,1,2155.69,52,97996.07999999999,611,942459.21
2026-04-01,299,415671.0,18,24330.0,317,440001.0,34,60712.56000000001,0,0.0,34,60712.56000000001,351,500713.56
2026-04-02,195,307380.0,12,19592.0,207,326972.0,15,22358.660000000003,1,1085.35,16,23444.010000000002,223,350416.01
2026-04-03,136,205749.32,4,8007.0,140,213756.32,16,29609.780000000002,0,0.0,16,29609.780000000002,156,243366.1
2026-04-04,161,227971.0,8,11214.0,169,239185.0,14,24184.410000000003,0,0.0,14,24184.410000000003,183,263369.41000000003
2026-04-05,228,365158.0,15,17449.0,243,382607.0,14,32568.57,2,1491.67,16,34060.24,259,416667.24
2026-04-06,413,672837.83,21,24613.0,434,697450.83,42,66232.00999999998,1,1116.71,43,67348.71999999999,477,764799.5499999999
2026-04-07,501,742967.42,32,45217.0,533,788184.42,52,95454.53999999996,4,5126.77,56,100581.30999999997,589,888765.73
2026-04-08,204,344853.06,16,20781.0,220,365634.06,25,52455.21000000001,5,9952.179999999998,30,62407.39000000001,250,428041.45
2026-04-09,281,499021.0,22,42449.0,303,541470.0,34,87347.20999999999,3,8816.39,37,96163.59999999999,340,637633.6
2026-04-10,235,418958.33,13,15245.0,248,434203.33,15,37124.02999999999,3,4713.620000000001,18,41837.649999999994,266,476040.98
2026-04-11,155,277157.72,11,15827.0,166,292984.72,14,23021.329999999998,4,6992.030000000001,18,30013.36,184,322998.07999999996
2026-04-12,252,443370.0,22,34226.0,274,477596.0,29,65303.46,1,826.28,30,66129.74,304,543725.74
2026-04-13,598,1064511.0,33,44477.009999999995,631,1108988.01,54,125902.83000000006,2,3043.33,56,128946.16000000006,687,1237934.1700000002
2026-04-14,884,1558136.37,42,59260.59,926,1617396.9600000002,93,208942.69999999998,1,893.09,94,209835.78999999998,1020,1827232.7500000002
2026-04-15,330,520059.0,29,42523.0,359,562582.0,37,69197.63000000002,3,8183.72,40,77381.35000000002,399,639963.35
2026-04-16,342,521874.34,25,33674.0,367,555548.3400000001,25,54838.6,1,1206.7,26,56045.299999999996,393,611593.6400000001
2026-04-17,167,266985.0,18,23879.0,185,290864.0,16,26851.399999999998,2,4202.3099999999995,18,31053.71,203,321917.71
2026-04-18,129,198832.76,9,10111.0,138,208943.76,22,42513.92999999999,3,5920.31,25,48434.23999999999,163,257378.0
2026-04-19,316,553702.0,15,20110.0,331,573812.0,21,46023.579999999994,1,1452.13,22,47475.70999999999,353,621287.71
2026-04-20,334,545354.82,18,21545.0,352,566899.82,28,65996.14,4,7042.47,32,73038.61,384,639938.4299999999
2026-04-21,462,776911.83,13,17697.0,475,794608.83,37,68046.84999999999,2,3873.7,39,71920.54999999999,514,866529.3799999999
2026-04-22,276,479405.0,16,18820.0,292,498225.0,23,50144.08999999999,2,5546.719999999999,25,55690.80999999999,317,553915.8099999999
2026-04-23,207,333114.23,14,22973.0,221,356087.23,32,68296.36000000002,0,0.0,32,68296.36000000002,253,424383.58999999997
2026-04-24,163,277650.67,12,10389.0,175,288039.67,19,38008.93,5,5846.6900000000005,24,43855.62,199,331895.29
2026-04-25,108,173325.0,13,16024.0,121,189349.0,9,16960.58,2,2583.83,11,19544.410000000003,132,208893.41
2026-04-26,233,384676.0,18,22713.0,251,407389.0,25,54743.17,1,876.73,26,55619.9,277,463008.9
2026-04-27,330,561982.1799999999,18,36889.0,348,598871.1799999999,26,59640.85000000001,1,520.86,27,60161.710000000014,375,659032.8899999999
2026-04-28,387,592977.0,17,22442.0,404,615419.0,32,63679.55,3,5833.0599999999995,35,69512.61,439,684931.61
2026-04-29,330,514309.04,25,38097.0,355,552406.04,29,68109.57,1,2373.85,30,70483.42000000001,385,622889.4600000001
2026-04-30,282,468400.62,26,43380.0,308,511780.62,24,48554.240000000005,3,7148.83,27,55703.07000000001,335,567483.69
2026-05-01,207,323309.0,8,14538.0,215,337847.0,22,43327.93000000001,0,0.0,22,43327.93000000001,237,381174.93
2026-05-02,168,255622.0,6,6768.0,174,262390.0,26,46852.579999999994,1,1441.22,27,48293.799999999996,201,310683.8
2026-05-03,295,437256.0,15,18153.0,310,455409.0,30,56371.17,2,1896.63,32,58267.799999999996,342,513676.8
2026-05-04,427,716116.0,16,26012.0,443,742128.0,33,61080.73,1,2271.59,34,63352.32000000001,477,805480.3200000001
2026-05-05,606,933636.2,15,19808.0,621,953444.2,76,130201.95999999999,6,7203.37,82,137405.33,703,1090849.53
2026-05-06,450,692258.3300000001,18,20087.0,468,712345.3300000001,49,97375.69999999998,3,2641.1,52,100016.79999999999,520,812362.1300000001
2026-05-07,539,778842.0,21,27506.0,560,806348.0,76,123798.94999999998,2,3112.87,78,126911.81999999998,638,933259.82
2026-05-08,168,298578.0,12,16050.0,180,314628.0,22,58751.86,3,3343.3,25,62095.16,205,376723.16000000003
2026-05-09,154,257867.0,8,7087.0,162,264954.0,18,48769.659999999996,0,0.0,18,48769.659999999996,180,313723.66
2026-05-10,291,520465.81,16,20503.0,307,540968.81,31,69384.42,3,2915.17,34,72299.59,341,613268.4
2026-05-11,290,502750.06,14,21419.0,304,524169.06,24,55780.79999999999,3,4172.31,27,59953.109999999986,331,584122.1699999999
2026-05-12,351,599206.0,21,26459.0,372,625665.0,32,79387.06,2,3493.28,34,82880.34,406,708545.34
2026-05-13,297,506323.0,5,4360.73,302,510683.73,34,76454.15999999997,3,1499.8500000000001,37,77954.00999999998,339,588637.74
2026-05-14,393,682297.17,16,18377.0,409,700674.17,35,77839.45999999998,1,1683.92,36,79523.37999999998,445,780197.55
2026-05-15,261,434514.0,10,11391.0,271,445905.0,23,50103.149999999994,3,6351.18,26,56454.329999999994,297,502359.33
2026-05-16,182,333013.0,13,14551.0,195,347564.0,14,25569.710000000003,1,1407.13,15,26976.840000000004,210,374540.84
2026-05-17,302,506378.39,22,28242.0,324,534620.39,28,63687.729999999996,2,2480.21,30,66167.94,354,600788.3300000001
2026-05-18,267,456153.73,16,21767.0,283,477920.73,34,62159.24999999999,3,2557.93,37,64717.17999999999,320,542637.9099999999
2026-05-19,346,590087.59,10,14034.79,356,604122.38,29,59444.49999999999,1,912.18,30,60356.67999999999,386,664479.06
2026-05-20,294,524627.0,10,9291.0,304,533918.0,22,49568.68,1,680.39,23,50249.07,327,584167.07
2026-05-21,229,414693.0,11,10081.0,240,424774.0,20,49031.46000000001,3,2720.1800000000003,23,51751.64000000001,263,476525.64
2026-05-22,191,344189.41000000003,9,10863.0,200,355052.41000000003,21,50302.25999999999,3,4091.8599999999997,24,54394.11999999999,224,409446.53
2026-05-23,113,189499.0,5,5998.0,118,195497.0,8,11953.8,0,0.0,8,11953.8,126,207450.8
2026-05-24,234,398318.67,11,12301.0,245,410619.67,20,58517.34000000001,2,916.28,22,59433.62000000001,267,470053.29
2026-05-25,267,455867.51,8,26254.440000000002,275,482121.95,27,65547.52,3,2942.44,30,68489.96,305,550611.91
2026-05-26,369,610201.65,9,11135.0,378,621336.65,39,79723.84000000001,2,3556.0099999999998,41,83279.85,419,704616.5
2026-05-27,283,493986.26,16,28677.0,299,522663.26,16,40536.85,2,4905.87,18,45442.72,317,568105.98
2026-05-28,252,449577.0,17,36117.0,269,485694.0,30,67551.90000000001,4,3517.8300000000004,34,71069.73000000001,303,556763.73
2026-05-29,217,382092.0,8,29864.0,225,411956.0,23,43956.49,0,0.0,23,43956.49,248,455912.49
2026-05-30,121,182519.31,7,11788.32,128,194307.63,16,28608.97,2,3579.1899999999996,18,32188.16,146,226495.79
2026-05-31,421,685927.38,17,25829.0,438,711756.38,37,68334.49999999999,3,3396.4799999999996,40,71730.97999999998,478,783487.36
2026-06-01,330,500061.0,14,19791.0,344,519852.0,31,74470.27999999998,1,1435.77,32,75906.04999999999,376,595758.05
2026-06-02,342,531455.0,12,17371.0,354,548826.0,42,71342.40000000001,0,0.0,42,71342.40000000001,396,620168.4
2026-06-03,363,531921.0,14,23112.0,377,555033.0,33,63239.12,5,3303.7599999999998,38,66542.88,415,621575.88
2026-06-04,259,428910.71,17,23798.68,276,452709.39,32,69126.73,3,3678.7200000000003,35,72805.45,311,525514.84
2026-06-05,252,382749.7,10,10574.0,262,393323.7,23,39081.99,2,7392.900000000001,25,46474.89,287,439798.59
2026-06-06,154,234419.0,7,9126.0,161,243545.0,19,32091.32,3,4008.69,22,36100.01,183,279645.01
2026-06-07,435,624744.0,19,18100.71,454,642844.71,57,88896.09999999999,2,2658.83,59,91554.93,513,734399.6399999999
2026-06-08,198,336725.54000000004,11,19415.0,209,356140.54000000004,21,44840.03,0,0.0,21,44840.03,230,400980.57000000007
2026-06-09,46,86633.0,0,0.0,46,86633.0,5,11929.25,0,0.0,5,11929.25,51,98562.25
