date,cz_retence_orders,cz_retence_revenue_with_vat,cz_zbytek_orders,cz_zbytek_revenue_with_vat,cz_total_orders,cz_total_revenue_with_vat,sk_retence_orders,sk_retence_revenue_with_vat,sk_zbytek_orders,sk_zbytek_revenue_with_vat,sk_total_orders,sk_total_revenue_with_vat,total_orders,total_revenue_with_vat,total_revenue_without_stores_with_vat
2026-05-01,207,323309.0,8,14538.0,215,337847.0,22,43327.93000000001,0,0.0,22,43327.93000000001,237,381174.93,381174.93
2026-05-02,168,255622.0,6,6768.0,174,262390.0,26,46852.579999999994,1,1441.22,27,48293.799999999996,201,310683.8,310683.8
2026-05-03,295,437256.0,15,18153.0,310,455409.0,30,56371.17,2,1896.63,32,58267.799999999996,342,513676.8,513676.8
2026-05-04,427,716116.0,16,26012.0,443,742128.0,33,61080.73,1,2271.59,34,63352.32000000001,477,805480.3200000001,805480.3200000001
2026-05-05,606,933636.2,15,19808.0,621,953444.2,76,130201.95999999999,6,7203.37,82,137405.33,703,1090849.53,1090849.53
2026-05-06,450,692258.3300000001,18,20087.0,468,712345.3300000001,49,97375.69999999998,3,2641.1,52,100016.79999999999,520,812362.1300000001,812362.1300000001
2026-05-07,539,778842.0,21,27506.0,560,806348.0,76,123798.94999999998,2,3112.87,78,126911.81999999998,638,933259.82,933259.82
2026-05-08,168,298578.0,12,16050.0,180,314628.0,22,58751.86,3,3343.3,25,62095.16,205,376723.16000000003,376723.16000000003
2026-05-09,154,257867.0,8,7087.0,162,264954.0,18,48769.659999999996,0,0.0,18,48769.659999999996,180,313723.66,313723.66
2026-05-10,291,520465.81,16,20503.0,307,540968.81,31,69384.42,3,2915.17,34,72299.59,341,613268.4,613268.4
2026-05-11,290,502750.06,14,21419.0,304,524169.06,24,55780.79999999999,3,4172.31,27,59953.109999999986,331,584122.1699999999,584122.1699999999
2026-05-12,351,599206.0,21,26459.0,372,625665.0,32,79387.06,2,3493.28,34,82880.34,406,708545.34,708545.34
2026-05-13,297,506323.0,5,4360.73,302,510683.73,34,76454.15999999997,3,1499.8500000000001,37,77954.00999999998,339,588637.74,588637.74
2026-05-14,393,682297.17,16,18377.0,409,700674.17,35,77839.45999999998,1,1683.92,36,79523.37999999998,445,780197.55,780197.55
2026-05-15,261,434514.0,10,11391.0,271,445905.0,23,50103.149999999994,3,6351.18,26,56454.329999999994,297,502359.33,502359.33
2026-05-16,182,333013.0,13,14551.0,195,347564.0,14,25569.710000000003,1,1407.13,15,26976.840000000004,210,374540.84,374540.84
2026-05-17,302,506378.39,22,28242.0,324,534620.39,28,63687.729999999996,2,2480.21,30,66167.94,354,600788.3300000001,600788.3300000001
2026-05-18,267,456153.73,16,21767.0,283,477920.73,34,62159.24999999999,3,2557.93,37,64717.17999999999,320,542637.9099999999,542637.9099999999
2026-05-19,345,589109.59,10,14034.79,355,603144.38,29,59444.49999999999,1,912.18,30,60356.67999999999,385,663501.06,663501.06
2026-05-20,294,524627.0,10,9291.0,304,533918.0,22,49568.68,1,680.39,23,50249.07,327,584167.07,584167.07
2026-05-21,229,414693.0,11,10081.0,240,424774.0,20,49031.46000000001,3,2720.1800000000003,23,51751.64000000001,263,476525.64,476525.64
2026-05-22,190,343223.41000000003,9,10863.0,199,354086.41000000003,21,50302.25999999999,3,4091.8599999999997,24,54394.11999999999,223,408480.53,408480.53
2026-05-23,113,189499.0,5,5998.0,118,195497.0,8,11953.8,0,0.0,8,11953.8,126,207450.8,207450.8
2026-05-24,234,398318.67,11,12301.0,245,410619.67,20,58517.34000000001,2,916.28,22,59433.62000000001,267,470053.29,470053.29
2026-05-25,267,455867.51,8,26254.440000000002,275,482121.95,27,65547.52,2,2012.5300000000002,29,67560.05,304,549682.0,549682.0
2026-05-26,367,607959.65,9,11135.0,376,619094.65,39,79723.84000000001,2,3556.0099999999998,41,83279.85,417,702374.5,702374.5
2026-05-27,283,493986.26,16,28677.0,299,522663.26,16,40536.85,2,4905.87,18,45442.72,317,568105.98,568105.98
2026-05-28,252,449577.0,17,36117.0,269,485694.0,30,67551.90000000001,4,3517.8300000000004,34,71069.73000000001,303,556763.73,556763.73
2026-05-29,216,381513.0,8,29864.0,224,411377.0,23,43956.49,0,0.0,23,43956.49,247,455333.49,455333.49
2026-05-30,121,182519.31,6,10101.32,127,192620.63,16,28608.97,1,2193.87,17,30802.84,144,223423.47,223423.47
2026-05-31,414,676102.38,15,21173.0,429,697275.38,36,67365.04999999999,3,3396.4799999999996,39,70761.52999999998,468,768036.91,768036.91
2026-06-01,327,495917.0,14,19791.0,341,515708.0,28,70743.82999999999,1,1435.77,29,72179.59999999999,370,587887.6,587887.6
2026-06-02,342,531455.0,12,17371.0,354,548826.0,42,71342.40000000001,0,0.0,42,71342.40000000001,396,620168.4,620168.4
2026-06-03,358,526123.0,14,23112.0,372,549235.0,32,62073.33000000001,5,3303.7599999999998,37,65377.09000000001,409,614612.09,614612.09
2026-06-04,255,423582.71,17,23798.68,272,447381.39,30,66365.65000000001,3,3678.7200000000003,33,70044.37000000001,305,517425.76,517425.76
2026-06-05,248,375600.7,9,9766.0,257,385366.7,23,39081.99,1,6593.89,24,45675.88,281,431042.58,431042.58
2026-06-06,150,230586.0,6,8069.0,156,238655.0,19,32091.32,3,4008.69,22,36100.01,178,274755.01,274755.01
2026-06-07,427,617085.0,19,17110.71,446,634195.71,55,87259.90000000001,1,1300.78,56,88560.68000000001,502,722756.39,722756.39
2026-06-08,196,335095.54000000004,9,17604.0,205,352699.54000000004,21,44840.03,0,0.0,21,44840.03,226,397539.57000000007,397539.57000000007
2026-06-09,251,464579.0,6,6970.0,257,471549.0,29,72954.07,1,278.15,30,73232.22,287,544781.22,544781.22
2026-06-10,277,509866.4,10,9869.0,287,519735.4,23,43269.29999999999,0,0.0,23,43269.29999999999,310,563004.7,563004.7
2026-06-11,278,464844.44,16,15160.0,294,480004.44,27,70430.22,0,0.0,27,70430.22,321,550434.66,550434.66
2026-06-12,277,446607.07,9,14379.0,286,460986.07,30,73780.36,1,632.66,31,74413.02,317,535399.09,535399.09
2026-06-13,158,267120.0,7,8952.0,165,276072.0,5,12347.86,0,0.0,5,12347.86,170,288419.86,288419.86
2026-06-14,280,458855.17000000004,14,16247.0,294,475102.17000000004,24,68754.48000000001,0,0.0,24,68754.48000000001,318,543856.65,543856.65
2026-06-15,334,571224.59,15,19279.47,349,590504.0599999999,35,68481.78000000001,0,0.0,35,68481.78000000001,384,658985.84,658985.84
2026-06-16,299,466704.0,20,23166.0,319,489870.0,35,95964.49000000002,1,1581.66,36,97546.15000000002,355,587416.15,587416.15
2026-06-17,254,439914.28,14,13964.0,268,453878.28,34,77967.66,1,820.83,35,78788.49,303,532666.77,532666.77
2026-06-18,122,207637.0,4,2058.0,126,209695.0,14,33878.89,1,2324.77,15,36203.659999999996,141,245898.66,245898.66
